"ASE Email Id","ASE Name","ASE Employee Code","ASE State","ASE City","AW Name","AW Code","AW State","AW City","AWSM Name","AWSM Code","AWSM State","AWSM City","Region","Status","Reason"
"pradeep1ks@britindia.com","pradeep kumar shivsahay shukla","1013372","GUJARAT","Ajod","VENUS ENTERPRISE","31077","GUJARAT","BARODA","Ajay Kumar Parmar","31077-3","GUJARAT","BARODA","WEST","Failure","DUPLICATE DATA EXIST"
"divakars@britindia.com","DIWAKAR SEKAR","1012946","TAMILNADU","VILLUPURAM","RAJAM ENTERPRISES","1166","Tamil Nadu","VILLUPURAM","Sureshbabu","1166-20","Tamil Nadu","VILLUPURAM","South 2","Failure","DUPLICATE DATA EXIST"
"sukanthsagar@britindia.com","Sukanthsagar Sundar","1012623","NA","NA","SHANMUGA TRADERS","37428","Tamil Nadu","CHENGALPATTU","Kamalakannan D","CTNS024125","Tamil Nadu","CHENGALPATTU","South 2","Failure","DUPLICATE DATA EXIST"
"sukanthsagar@britindia.com","SUKANTHSAGAR","1012623","TAMIL NADU","CHENNAI","SRI KAUSHIKA AGENCY","20397","Tamil Nadu","THIRUPORUR","Sugumar K","CTNS024127","Tamil Nadu","THIRUPORUR","South 2","Failure","DUPLICATE DATA EXIST"
"tlakesh@britindia.com","Lakesh Kumar","1011491","Telangana","Armoor","LAXMI AGENCIES","35387","Telangana","Husnabad","Kandukuri","CTLS024130","Telangana","Husnabad","South 1","Failure","DUPLICATE DATA EXIST"
"sukant1hsagar@britindia.com","Sukanthsagar Sundar","1012623","NA","NA","SHANMUGA TRADERS","37428","Tamil Nadu","CHENGALPATTU","Vinoth Kumar","CTNS024129","Tamil Nadu","CHENGALPATTU","South 2","Failure","DUPLICATE DATA EXIST"
"div1akars@britindia.com","DIWAKAR SEKAR","1012946","TAMILNADU","VILLUPURAM","RAJAM ENTERPRISES","1166","Tamil Nadu","VILLUPURAM","S DHAVAMANI","1166-16","Tamil Nadu","VILLUPURAM","South 2","Failure","DUPLICATE DATA EXIST"
"sukanthsagar@britindia.com","Sukanthsagar Sundar","1012623","NA","NA","SHANMUGA TRADERS","37428","Tamil Nadu","CHENGALPATTU","Sugumar","CTNS024131","Tamil Nadu","CHENGALPATTU","South 2","Failure","DUPLICATE DATA EXIST"
"sukanth1sagar@britindia.com","SUKANTHSAGAR","1012623","TAMIL NADU","CHENNAI","SRI KAUSHIKA AGENCY","20397","Tamil Nadu","THIRUPORUR","Vinoth Kumar","CTNS024126","Tamil Nadu","THIRUPORUR","South 2","Failure","DUPLICATE DATA EXIST"
"surajck@britindia.com","SURAJ KASHIKAR","1012673","MAHARASHTRA","YAVATMAL/WARDHA","NAMO TRADERS","37293","MAHARASHTRA","HINGANGHAT","JAYANT PADMAKAR THOTANGARE","CMHS01608","MAHARASHTRA","HINGANGHAT","WEST","Failure","DUPLICATE DATA EXIST"